{
  "eslint.config.js": 1771287410.3651233,
  "vite.config.ts": 1771314261.509942,
  "postcss.config.js": 1771288703.1098015,
  "src/App.tsx": 1772211579.2698705,
  "src/main.tsx": 1771287410.3704965,
  "src/vite-env.d.ts": 1771304220.042233,
  "src/components/Slide.tsx": 1772150679.498091,
  "src/components/Navigation.tsx": 1772206296.6182232,
  "src/components/HeroSlider.tsx": 1772206310.1080892,
  "src/components/catalog/CatalogBentoGrid.tsx": 1772225116.6828542,
  "src/components/catalog/NewsletterCard.tsx": 1772222725.1667852,
  "src/components/catalog/DiscountBannerCard.tsx": 1772225358.419384,
  "src/components/catalog/AllProductsCard.tsx": 1772211583.6034346,
  "src/components/catalog/BrandBentoCard.tsx": 1772225118.3873835,
  "src/components/pages/CatalogPage.tsx": 1772202179.7324712,
  "src/lib/utils.ts": 1771287737.4932904,
  "src/data/brands.ts": 1772214046.705594,
  "src/data/perfumes.ts": 1771317955.0580466,
  "README.md": 1771287410.3639014,
  "public/vite.svg": 1771287410.367368,
  "src/assets/react.svg": 1771287410.369616,
  "src/assets/Creed.m4v": 1771302717.141141,
  "src/assets/Kilian.mp4": 1771303990.9096096,
  "src/assets/Orchid.mp4": 1771305784.7513907
}